"id","edad","ingreso","educacion","experiencia","satisfaccion"
1,28,-9937,4,5,9
2,32,-10599,5,14,6
3,54,4730,2,5,2
4,36,3017,5,6,NA
5,37,-33240,3,15,1
6,56,20609,3,7,8
7,41,8746,5,10,5
8,20,41243,3,17,2
9,27,15278,2,2,7
10,30,-1704,1,21,7
11,50,46961,3,24,5
12,39,47483,1,14,8
13,40,-13281,3,13,9
14,36,12035,3,7,10
15,28,1831,3,13,5
16,56,7806,1,6,4
17,41,8413,1,12,2
18,11,-13929,2,5,10
19,43,9284,3,16,9
20,29,31239,4,15,9
21,22,2539,3,19,5
22,32,2556,5,24,8
23,23,25979,2,5,4
24,26,18476,4,17,1
25,27,-19727,2,0,5
26,15,8428,5,7,10
27,45,29803,5,17,NA
28,37,26229,2,5,7
29,21,11299,4,12,1
30,50,15818,2,4,6
31,40,-12954,5,7,8
32,31,9502,4,10,5
33,46,-9317,3,6,8
34,46,-1870,2,-4,6
35,45,19034,4,12,8
36,43,-12053,1,13,8
37,42,9004,3,11,4
38,34,11425,5,7,7
39,31,5824,5,16,6
40,30,32333,2,18,9
41,27,-51675,2,-7,2
42,33,14092,2,18,4
43,20,3666,5,-2,7
44,61,1088,4,8,1
45,49,11961,1,2,3
46,22,-10306,3,6,7
47,30,-14702,2,19,9
48,29,-2417,3,14,5
49,44,31276,3,13,3
50,34,5836,5,-5,8
51,38,9972,3,11,1
52,35,2152,2,14,7
53,34,12057,4,16,6
54,51,-9275,4,3,2
55,32,22369,4,17,1
56,53,13771,2,0,1
57,16,-7097,1,22,3
58,42,5818,3,4,3
59,36,15745,3,15,8
60,38,13366,2,12,3
61,40,27229,3,3,10
62,29,-4195,3,18,5
63,NA,21742,4,10,5
64,23,20548,3,16,6
65,22,2563,2,12,9
66,39,-9639,2,16,2
67,40,-11337,5,10,NA
68,36,11867,3,18,9
69,46,3933,3,8,10
70,NA,158435,4,14,5
71,29,13027,2,13,5
72,7,-579,2,16,5
73,NA,-10383,4,6,3
74,26,-3736,3,11,8
75,27,10143,5,6,7
76,47,-1764,1,16,6
77,32,12713,5,6,3
78,20,-15,5,22,8
79,37,3417,4,16,6
80,33,-5958,2,10,3
81,35,33576,4,18,6
82,40,9989,3,9,4
83,31,8460,2,14,9
84,43,-20378,5,14,9
85,32,74485,3,13,4
86,39,-10354,5,6,4
87,48,-8373,4,1,NA
88,40,18775,2,-2,5
89,31,-1791,2,7,6
90,49,-21226,2,15,5
91,47,31549,4,8,8
92,42,-30661,4,2,NA
93,38,13592,4,25,NA
94,27,20259,3,15,7
95,51,-4465,4,24,9
96,28,11664,2,18,6
97,61,11587,3,6,8
98,53,20609,1,7,10
99,32,12261,3,0,1
100,23,1327,2,15,3
101,26,18740,4,21,8
102,38,17009,3,4,7
103,32,-9049,4,2,8
104,31,-16012,1,16,8
105,24,7404,5,-1,3
106,34,891,4,23,3
107,NA,-9783,1,14,4
108,15,6259,2,-2,2
109,30,-14800,4,12,2
110,46,7418,5,11,6
111,28,-4374,2,-7,5
112,42,19357,4,10,3
113,16,41367,4,6,6
114,34,-8740,2,4,6
115,41,20865,2,12,1
116,39,17377,4,16,5
117,36,3947,2,22,2
118,27,-1805,4,-8,4
119,25,28630,2,15,6
120,23,-25082,5,3,2
121,NA,-4648,5,18,2
122,24,-16553,5,12,4
123,29,25930,3,20,4
124,32,2139,4,0,3
125,57,-2870,1,13,9
126,NA,52761,1,12,4
127,38,4249,2,17,4
128,36,-1656,5,8,7
129,23,9498,2,18,6
130,34,-18526,3,7,2
131,52,61775,3,7,8
132,40,3558,4,10,5
133,35,60140,4,3,2
134,30,-9736,1,7,8
135,10,-10345,2,18,9
136,49,-5401,3,22,9
137,17,-6520,3,18,8
138,44,24486,3,7,5
139,58,28687,3,12,9
140,18,2647,5,11,4
141,43,-384,2,1,4
142,32,64,2,12,7
143,16,6039,4,4,2
144,17,6454,3,3,6
145,16,9351,3,15,7
146,29,-6200,2,5,7
147,17,-7703,3,9,8
148,43,22956,3,3,10
149,60,-3229,2,10,10
150,20,9546,3,13,4
151,44,4145,3,14,10
152,44,-9368,3,2,6
153,39,13866,5,19,4
154,23,7597,5,20,2
155,34,129985,3,13,2
156,32,6762,2,11,2
157,42,27,4,11,8
158,31,9174,2,12,3
159,47,-12784,3,13,10
160,31,-7538,1,11,4
161,48,12654,3,15,2
162,22,3,3,8,2
163,20,4011,3,18,3
164,NA,3272,3,10,9
165,30,-4758,2,-2,10
166,39,-25280,3,9,3
167,43,10233,4,13,10
168,29,16425,4,19,3
169,41,-14331,4,10,6
170,39,27236,1,-4,2
171,32,10777,3,10,1
172,36,25125,5,2,5
173,35,-9358,3,3,4
174,61,37510,3,3,5
175,26,3500,4,4,9
176,22,16528,2,18,7
177,35,-3638,3,4,10
178,NA,4849,3,7,1
179,40,-21680,3,11,5
180,29,-6664,3,16,4
181,22,6876,5,5,3
182,50,-5595,2,4,4
183,31,4346,2,6,7
184,25,-2019,5,2,9
185,32,14104,3,16,6
186,33,22527,4,-5,3
187,48,-7338,4,6,3
188,36,394,3,0,2
189,44,26596,4,-4,8
190,29,-27984,2,10,10
191,38,202,3,21,9
192,31,35971,2,21,5
193,36,37904,3,6,6
194,24,7349,5,5,NA
195,19,-7954,4,6,8
196,59,7482,3,15,5
197,42,-4792,5,-8,6
198,20,26792,5,12,10
199,28,-7097,2,7,7
200,21,10594,2,5,5
201,61,14298,4,-4,5
202,51,-6363,3,9,2
203,32,17773,2,-2,9
204,42,-6219,4,10,10
205,30,14454,5,4,6
206,29,21450,4,10,9
207,26,-9827,4,13,NA
208,28,21620,5,6,7
209,55,-2343,2,3,8
210,34,9415,3,6,5
211,36,8028,3,5,8
212,38,-1408,5,0,6
213,50,9022,4,5,5
214,29,-13456,4,9,2
215,23,2958,4,8,1
216,55,17387,2,12,9
217,30,-27612,2,19,10
218,26,-17319,3,12,6
219,20,-12429,2,20,3
220,20,-18836,4,5,NA
221,28,11294,4,19,4
222,42,-9894,4,14,NA
223,48,-27468,3,2,10
224,43,-4564,3,13,6
225,31,-860,3,1,1
226,36,17852,4,17,9
227,27,-11556,2,6,2
228,26,22419,4,8,4
229,46,10975,1,5,3
230,23,10435,3,4,2
231,58,-7788,3,22,2
232,34,34305,2,17,6
233,38,2536,4,15,9
234,26,-22373,1,11,1
235,28,1942,2,15,9
236,19,-24017,4,15,9
237,33,342,3,21,7
238,40,-1333,3,16,7
239,39,15227,4,9,4
240,26,20142,4,8,2
241,26,-5892,4,7,4
242,29,17092,5,7,6
243,53,26365,3,8,4
244,21,-6762,3,19,5
245,33,-4786,5,-6,4
246,58,14762,3,5,5
247,34,7746,5,9,7
248,19,13232,3,1,1
249,27,26070,5,21,8
250,41,10806,5,8,2
251,30,20776,5,2,4
252,28,14344,4,4,7
253,31,11504,4,16,7
254,36,10791,1,23,8
255,54,24370,4,9,1
256,34,-10034,1,11,9
257,48,-11578,2,3,6
258,43,13879,2,19,4
259,34,3205,2,15,3
260,17,6110,4,-6,7
261,29,16119,4,5,9
262,29,16299,4,8,7
263,36,1060,4,2,9
264,51,312,2,8,2
265,63,6104,3,2,1
266,54,20945,5,13,3
267,33,11390,1,12,8
268,14,26495,4,16,4
269,30,4885,3,13,4
270,36,21885,1,21,2
271,45,18245,4,7,5
272,47,14181,5,-5,9
273,43,11221,4,10,8
274,18,802,4,15,NA
275,45,3364,3,7,8
276,30,8441,3,20,8
277,37,5733,2,18,3
278,36,19148,4,14,3
279,40,3360,3,10,7
280,35,3944,3,6,3
281,15,-2265,5,9,4
282,44,2925,2,13,2
283,40,3969,3,17,9
284,32,-29706,2,8,8
285,36,-15472,3,5,2
286,37,3913,2,27,7
287,38,1021,3,14,8
288,55,-13013,2,4,5
289,32,-24873,2,17,9
290,37,-316,4,10,5
291,49,14802,3,16,1
292,48,31599,4,10,8
293,NA,4423,3,10,8
294,28,27398,3,11,5
295,59,6245,2,13,4
296,36,6733,3,6,4
297,57,9872,3,5,6
298,19,-8059,4,9,3
299,35,4224,4,11,5
300,50,18627,4,8,4
301,26,-6246,2,12,8
302,26,176,1,2,1
303,24,-12217,1,0,8
304,22,10315,1,23,9
305,30,11372,2,13,8
306,39,14725,2,7,2
307,11,-13297,1,8,5
308,38,6609,3,15,3
309,NA,-9161,2,9,4
310,59,4994,3,11,3
311,51,25139,4,8,5
312,44,-2553,5,6,8
313,14,15750,3,14,5
314,28,-6245,3,11,7
315,31,-2178,3,19,6
316,43,11581,5,2,7
317,34,-5187,4,9,3
318,20,-20544,2,9,8
319,55,23978,5,2,7
320,46,10405,3,17,3
321,38,-3755,4,9,2
322,50,-24911,4,0,6
323,19,33533,2,6,2
324,43,55856,2,2,4
325,29,8112,3,17,6
326,43,17747,3,28,2
327,34,23368,4,5,7
328,43,-5527,4,9,5
329,51,-268,2,12,9
330,35,-20907,4,29,4
331,47,-6049,4,-6,8
332,21,14336,1,6,9
333,26,639,4,2,6
334,53,1787,2,8,10
335,40,3312,3,8,8
336,10,-22955,4,5,10
337,19,17564,2,23,2
338,33,-16652,4,12,8
339,45,1871,4,27,2
340,NA,-1578,3,16,3
341,42,1721,4,1,2
342,47,26899,1,5,8
343,55,-3731,3,12,6
344,36,-6746,4,6,8
345,34,-17795,3,12,8
346,14,-7085,2,15,9
347,36,-12493,3,13,8
348,28,11119,2,9,8
349,23,-7945,3,5,9
350,33,9561,3,1,6
351,47,2804,4,12,7
352,11,-16503,4,16,3
353,30,-6859,4,9,5
354,36,18277,1,15,9
355,24,92730,2,26,3
356,39,35084,4,24,8
357,40,4946,5,7,6
358,35,-17437,4,14,3
359,5,-6526,2,5,5
360,66,11127,5,15,8
361,33,33502,5,10,4
362,43,6650,3,12,3
363,38,22106,3,4,3
364,47,16521,4,18,4
365,45,-12521,4,9,2
366,32,2433,5,7,NA
367,40,24579,5,9,2
368,24,18141,2,11,10
369,45,11957,4,21,9
370,29,12157,5,2,5
371,64,-2371,3,27,6
372,15,-14791,3,5,5
373,29,24431,3,11,4
374,45,-16303,5,-4,NA
375,41,-9083,5,5,2
376,28,14434,5,15,NA
377,NA,-13933,3,14,6
378,37,-3278,3,13,2
379,35,-12742,2,7,4
380,NA,14310,2,-3,1
381,35,11695,4,2,5
382,37,11328,4,8,6
383,37,11637,4,14,5
384,22,13359,4,16,8
385,41,14590,4,8,8
386,NA,-24530,4,9,6
387,40,2768,2,9,5
388,21,6687,4,10,8
389,NA,15870,2,21,5
390,39,-12812,2,5,7
391,27,-2494,5,9,10
392,9,-11105,1,11,6
393,46,20859,4,1,9
394,25,24186,2,4,9
395,28,16815,3,11,6
396,53,-13336,3,13,6
397,26,11779,2,18,3
398,45,22257,5,7,6
399,20,7519,5,20,9
400,31,-3492,2,4,5
401,34,-11292,1,-1,3
402,21,-4980,1,-4,3
403,27,15723,4,18,5
404,35,-1475,3,12,4
405,43,8414,4,9,8
406,15,24424,4,8,2
407,31,13675,5,21,NA
408,44,25470,2,18,5
409,29,-20524,5,3,4
410,38,790,2,0,7
411,41,5976,3,18,7
412,38,13679,4,14,3
413,43,-12538,2,6,6
414,NA,17093,3,13,5
415,30,48055,3,-4,5
416,3,8957,5,5,6
417,34,12627,3,13,5
418,40,3255,3,9,1
419,41,18883,2,1,6
420,28,14723,4,17,4
421,56,2747,4,18,7
422,38,20606,2,3,4
423,37,9388,2,9,9
424,50,75155,5,15,9
425,26,-3913,3,16,4
426,30,28706,1,6,9
427,64,4940,1,4,9
428,35,17718,3,12,1
429,55,3498,2,-3,2
430,18,806,4,3,7
431,33,16767,4,15,3
432,40,-18769,3,-2,3
433,NA,12175,5,2,2
434,23,10903,3,8,8
435,35,-35430,3,8,7
436,22,10526,2,-2,4
437,44,-27526,4,14,7
438,48,14897,3,3,8
439,8,-1809,1,9,2
440,50,-5424,5,9,2
441,20,4897,4,15,6
442,40,25596,3,10,9
443,43,-4530,5,9,3
444,33,13372,2,22,6
445,27,10117,4,13,7
446,37,-12693,3,14,1
447,40,-105575,3,13,2
448,46,-24889,4,14,7
449,10,13269,3,19,8
450,NA,4479,2,10,10
451,52,32759,2,12,5
452,48,13605,3,24,10
453,40,17745,1,6,2
454,44,25016,2,19,10
455,46,-2511,3,6,5
456,3,12651,2,22,2
457,48,18032,2,5,5
458,29,25540,4,4,8
459,38,16440,3,17,4
460,31,11317,3,17,10
461,45,-8023,3,14,2
462,NA,15943,2,12,7
463,NA,12504,3,12,4
464,NA,14514,3,24,4
465,22,11355,1,0,5
466,50,1972,5,3,8
467,44,3847,5,1,2
468,56,15310,2,17,9
469,36,7574,2,8,7
470,49,-7452,5,9,3
471,59,648,5,22,9
472,32,-14787,2,6,8
473,19,-9505,4,24,8
474,32,2831,4,0,3
475,32,-21972,5,19,3
476,37,-20328,4,12,9
477,56,21538,2,7,3
478,31,-3649,4,9,7
479,39,-22775,3,19,4
480,NA,3307,3,22,7
481,35,24816,3,-2,8
482,39,14934,3,34,6
483,51,11621,4,28,NA
484,36,22756,1,6,2
485,44,-6573,2,10,3
486,44,15945,3,5,9
487,46,-3806,4,9,2
488,28,5011,2,15,10
489,55,191085,3,11,7
490,30,19542,2,11,5
491,34,16520,3,20,2
492,52,-11625,3,-5,6
493,51,-6794,2,7,7
494,22,39262,3,11,5
495,25,-57000,4,5,6
496,19,8217,3,17,5
497,37,18389,2,7,8
498,37,20281,2,7,3
499,39,21337,3,18,9
500,42,2553,4,16,9
501,28,-7315,3,9,2
502,23,391,4,8,7
503,47,-8531,4,0,9
504,44,14406,2,5,7
505,NA,21805,3,28,8
506,34,36908,4,10,8
507,24,10492,3,16,4
508,10,-40610,4,9,4
509,37,20367,5,14,5
510,34,18571,2,10,2
511,NA,1426,5,20,7
512,38,-18368,3,6,10
513,NA,16420,3,-2,8
514,37,21937,2,16,2
515,28,573,4,8,1
516,26,13044,3,20,6
517,33,862,3,11,9
518,39,15235,3,20,9
519,23,3241,2,12,2
520,33,-170,4,8,5
521,47,6674,4,15,1
522,34,749,5,7,10
523,27,-3865,3,22,8
524,32,261,5,11,NA
525,48,4878,3,-4,2
526,42,40560,3,7,5
527,50,27986,3,-1,5
528,37,-15370,5,-5,9
529,40,2006,2,10,2
530,28,14473,4,15,7
531,42,31430,2,5,1
532,29,11390,2,1,6
533,18,4794,2,6,4
534,37,387,1,-1,8
535,58,11215,3,15,8
536,45,19836,4,14,NA
537,49,2242,3,-1,7
538,39,7456,3,6,6
539,28,8254,2,17,3
540,33,15939,2,9,1
541,32,21671,4,10,5
542,29,9187,4,13,9
543,43,3857,4,14,5
544,21,25920,3,18,7
545,45,7468,5,15,5
546,45,28668,2,0,5
547,21,4071,3,7,4
548,43,14209,4,12,1
549,64,-18191,5,9,7
550,28,3314,3,-5,6
551,45,4673,4,5,2
552,26,-6375,5,17,4
553,NA,-10538,3,11,7
554,38,19222,3,0,7
555,55,18712,4,12,4
556,17,-14481,3,9,4
557,34,11366,2,15,4
558,29,-11688,2,25,9
559,33,-10766,4,-1,8
560,27,12881,3,6,2
561,25,-5290,3,9,4
562,42,19902,4,-5,3
563,22,5578,4,10,NA
564,NA,13042,3,6,10
565,21,-2854,3,26,2
566,36,-12268,5,-10,2
567,41,18721,4,20,8
568,42,8571,1,17,2
569,31,1414,2,15,1
570,36,6039,5,11,9
571,47,24889,4,5,4
572,18,-5472,1,18,5
573,26,-6241,5,4,6
574,39,-4294,3,15,2
575,30,-18775,2,13,2
576,NA,17294,1,18,9
577,43,7886,2,6,6
578,36,8108,2,6,5
579,NA,4350,2,12,8
580,35,-2652,3,12,3
581,NA,-7351,3,20,1
582,34,17778,4,13,6
583,21,-16393,4,11,3
584,41,11604,1,16,3
585,23,-6889,1,6,10
586,32,9235,2,18,2
587,40,-6110,4,3,3
588,26,-2850,4,12,6
589,42,31540,2,-2,3
590,19,15024,5,12,7
591,1,-27173,2,-1,3
592,41,6896,3,8,6
593,45,-1777,2,-2,4
594,32,-12049,5,6,6
595,41,8147,4,5,6
596,21,6949,3,14,3
597,33,72,3,6,3
598,12,34591,3,5,9
599,49,-28730,4,19,NA
600,57,17573,2,22,5
601,48,665,2,18,8
602,35,74240,5,0,1
603,35,-1810,4,19,7
604,17,-3908,3,1,7
605,44,-20656,4,9,8
606,32,1858,3,15,5
607,27,42181,2,9,3
608,NA,19846,2,9,7
609,31,30134,3,11,5
610,25,18724,3,13,6
611,30,22164,5,13,8
612,20,18543,3,-2,2
613,55,12131,1,9,6
614,35,-3738,2,12,2
615,48,-2994,1,14,6
616,4,-19013,5,8,3
617,30,4913,4,5,6
618,27,18490,4,0,NA
619,20,20479,3,5,6
620,54,6427,5,9,7
621,18,-3214,4,6,5
622,39,54358,4,14,10
623,45,16050,5,13,2
624,37,26309,5,-1,5
625,24,-65,5,12,6
626,46,4431,4,14,7
627,37,11729,3,8,4
628,22,30148,5,10,9
629,18,328,3,7,9
630,60,17804,5,8,NA
631,27,-26422,2,3,4
632,13,-2609,2,13,6
633,NA,-14380,2,1,6
634,39,21700,4,6,8
635,19,2533,5,4,1
636,12,-856,5,4,6
637,34,25536,5,7,3
638,49,21744,4,7,7
639,43,-8470,3,5,3
640,29,11418,2,8,3
641,25,-13427,3,-1,9
642,38,-2134,3,11,5
643,37,29249,3,14,5
644,43,26752,2,1,6
645,30,21635,2,0,6
646,46,-3564,3,26,7
647,25,-23221,5,12,7
648,31,-12635,5,10,2
649,44,19288,2,9,4
650,47,641,1,13,8
651,12,-27439,3,10,7
652,36,2297,3,6,7
653,42,26154,1,7,9
654,18,14652,5,8,6
655,41,-7319,4,8,8
656,25,-18189,4,5,2
657,47,-7398,1,18,8
658,41,5518,3,11,8
659,44,18321,2,5,3
660,36,-24099,2,14,5
661,45,20348,5,12,NA
662,52,5082,2,9,5
663,59,13547,2,13,7
664,35,-19799,3,4,3
665,8,-5000,4,9,3
666,35,-1724,4,3,8
667,37,20658,3,2,6
668,33,20423,5,8,2
669,42,11526,3,11,10
670,47,29063,2,4,5
671,29,-2731,4,9,2
672,NA,20188,2,-3,3
673,40,4461,2,7,7
674,28,-5010,3,18,2
675,36,18851,4,2,2
676,11,25717,3,2,5
677,22,18174,4,8,7
678,19,-2641,2,14,1
679,25,-2047,2,19,2
680,27,25665,3,29,3
681,40,10292,4,16,8
682,47,17444,3,15,5
683,26,-81,3,24,2
684,23,23916,2,8,4
685,22,-7131,3,9,6
686,30,14380,1,12,6
687,32,-7258,5,0,9
688,41,-31939,5,-3,3
689,31,-15144,4,23,5
690,10,7044,4,6,5
691,34,18244,4,7,5
692,49,-21270,3,3,1
693,49,-13771,3,11,9
694,26,31468,4,14,8
695,16,-1508,4,8,10
696,64,12586,2,10,9
697,33,-2904,3,17,10
698,34,521,4,10,4
699,40,6309,3,6,4
700,16,5164,2,10,8
701,26,2112,3,4,2
702,17,-2047,5,11,6
703,27,-40718,5,4,8
704,36,33030,3,20,3
705,NA,31856,2,-7,7
706,42,-11516,2,13,5
707,NA,2478,3,7,9
708,24,25629,2,24,4
709,38,19974,5,8,NA
710,44,24149,1,13,1
711,48,-11076,2,13,6
712,32,43659,3,12,6
713,34,-12002,5,14,9
714,34,16309,4,24,7
715,52,7119,4,16,6
716,49,-1056,3,11,3
717,45,-691,4,23,8
718,32,-9871,4,14,4
719,39,146700,4,15,7
720,40,6343,5,19,2
721,22,8888,2,11,5
722,14,8144,4,15,2
723,43,-628,5,8,4
724,17,-12010,4,11,2
725,35,8806,1,10,4
726,38,-26405,5,6,5
727,42,-16279,4,24,1
728,37,-11146,3,6,5
729,26,-11180,3,8,9
730,47,6608,5,19,3
731,56,28977,4,10,1
732,46,-17730,1,18,4
733,12,11505,1,6,3
734,52,18493,2,10,5
735,34,-9843,4,8,4
736,41,4208,2,3,7
737,42,17354,5,8,9
738,34,1167,1,5,5
739,34,1690,4,16,6
740,47,9616,2,8,4
741,44,4100,4,9,8
742,47,-3335,4,4,2
743,64,2921,3,12,4
744,43,33243,2,-1,7
745,37,18105,4,-11,10
746,8,-8719,2,23,3
747,67,-13674,1,15,7
748,29,-400,3,14,2
749,63,24932,2,-6,7
750,39,9390,2,15,9
751,53,-5523,2,14,8
752,34,18234,5,9,3
753,41,2999,5,16,2
754,NA,-11810,5,18,6
755,33,11918,1,9,5
756,34,27862,4,24,8
757,47,11517,5,17,NA
758,33,7880,2,19,7
759,11,-4844,3,8,3
760,33,13526,4,9,4
761,41,-11059,3,4,6
762,42,-19797,2,13,9
763,42,4350,3,12,3
764,15,4481,2,11,3
765,39,40476,3,5,6
766,47,-13245,3,8,2
767,50,7564,1,24,1
768,32,17076,1,3,8
769,31,20759,4,7,NA
770,53,4839,2,0,8
771,15,-6149,2,1,3
772,30,4013,2,8,8
773,40,34096,5,7,8
774,16,12241,5,6,3
775,38,-25667,4,5,1
776,58,26352,3,9,4
777,35,13108,4,18,6
778,32,4496,4,7,10
779,41,4732,2,1,5
780,32,2753,2,3,5
781,45,8848,2,-4,8
782,NA,-2558,4,-2,9
783,35,9155,3,5,2
784,21,-8970,4,3,5
785,19,8002,5,2,4
786,NA,21603,3,24,4
787,45,12638,2,22,8
788,NA,20506,5,28,1
789,12,-11363,4,15,8
790,27,5822,4,9,2
791,40,14259,3,3,7
792,24,-11020,4,2,1
793,46,28487,2,7,7
794,39,-10522,4,19,2
795,33,7468,1,15,1
796,45,7277,3,16,7
797,40,6825,1,9,8
798,30,1844,2,-1,8
799,38,11749,5,12,6
800,43,-10467,4,8,5
801,39,-14340,4,8,1
802,27,-4819,4,25,3
803,45,4140,3,16,5
804,49,23851,3,8,7
805,38,28812,3,-3,8
806,37,9792,3,8,2
807,34,10724,4,17,8
808,61,1345,3,13,5
809,38,5721,5,12,3
810,33,-16068,4,17,5
811,NA,9349,2,9,8
812,16,-3033,3,8,10
813,34,10020,3,8,4
814,37,-190,3,15,8
815,38,-4924,3,8,7
816,45,1713,1,15,3
817,33,-504,4,1,8
818,50,21419,5,1,8
819,24,8138,2,11,7
820,20,11487,3,15,3
821,20,-13613,3,7,3
822,44,27452,4,6,5
823,34,7391,3,-10,8
824,44,-7844,5,13,8
825,32,9636,4,4,9
826,28,18057,4,13,1
827,31,-15755,1,20,3
828,13,30352,3,7,7
829,21,2630,3,15,5
830,18,21818,2,9,4
831,48,6084,3,13,9
832,28,14,3,2,3
833,44,-22524,3,13,3
834,53,-11503,3,19,1
835,33,4380,2,23,1
836,NA,17418,3,2,6
837,14,-23225,2,14,4
838,25,25632,2,6,3
839,36,25985,4,14,9
840,39,-12150,2,9,10
841,26,12085,3,8,2
842,67,-10505,2,15,7
843,29,3122,3,15,5
844,36,18930,3,12,3
845,43,18025,3,13,8
846,35,-7738,2,13,7
847,27,-800,4,12,6
848,48,-9642,2,11,6
849,54,10093,1,16,7
850,35,-18386,4,15,9
851,42,-34440,3,16,10
852,34,27047,2,18,9
853,47,39102,4,14,8
854,21,-1826,3,9,2
855,63,16417,3,2,8
856,28,4887,3,7,7
857,17,27115,3,4,7
858,31,13312,2,8,3
859,37,8055,2,6,2
860,54,-21987,4,9,6
861,46,21244,3,3,8
862,37,-263,5,6,9
863,18,-80260,1,12,7
864,25,1973,3,11,9
865,33,3098,4,7,NA
866,66,20888,5,17,2
867,13,-12511,4,-1,6
868,49,-3365,3,13,3
869,29,27322,4,21,2
870,55,25380,3,7,1
871,21,22448,1,13,6
872,37,29923,2,6,8
873,22,8060,2,10,9
874,46,-3728,3,16,8
875,53,13328,4,4,3
876,58,20881,4,6,8
877,NA,41204,3,14,1
878,57,-24475,3,13,7
879,50,9099,3,16,10
880,33,14822,4,19,7
881,41,4181,3,15,4
882,23,-18367,4,2,4
883,33,16123,5,11,9
884,50,-6686,4,7,3
885,41,12588,4,10,8
886,40,18613,3,16,4
887,23,24259,3,12,10
888,28,-18368,3,11,10
889,26,21226,5,9,5
890,40,-6355,1,13,7
891,23,-14335,1,2,4
892,42,24715,3,7,4
893,22,22194,3,21,10
894,57,1361,4,14,7
895,41,16393,4,3,10
896,NA,-7905,2,1,4
897,38,2735,2,3,7
898,31,3594,3,14,9
899,39,789,4,13,6
900,38,16011,3,6,8
901,23,28060,2,7,8
902,26,-1837,1,17,1
903,39,4510,1,8,3
904,55,29551,1,10,4
905,48,64,4,12,7
906,28,-34061,4,9,2
907,45,12710,4,5,2
908,34,-8297,1,7,6
909,39,-9978,2,2,4
910,38,131560,4,13,5
911,66,41720,4,19,8
912,21,-10597,2,12,8
913,36,20465,2,16,3
914,14,3588,4,5,2
915,NA,7127,4,9,8
916,48,23334,4,9,2
917,52,8205,2,0,7
918,12,-7770,2,11,5
919,40,-2056,3,13,9
920,54,15292,4,15,1
921,30,-150195,4,19,NA
922,32,21429,3,0,8
923,35,-18507,4,14,4
924,39,5329,3,15,4
925,43,2145,3,9,7
926,51,24396,5,14,2
927,34,7833,4,0,9
928,37,6529,3,12,4
929,65,15472,2,-12,6
930,40,-7405,5,12,8
931,37,2062,4,21,3
932,NA,22664,4,21,9
933,35,15252,5,-9,2
934,32,-14132,5,14,9
935,35,14569,5,8,9
936,28,-15664,4,10,7
937,27,-3975,5,-6,10
938,26,23164,3,13,7
939,32,-28766,4,6,2
940,51,-21685,4,13,7
941,48,24521,3,9,6
942,31,-7222,3,3,10
943,15,23656,4,12,2
944,25,2476,3,14,2
945,30,11417,5,10,6
946,36,17199,2,14,7
947,27,-4768,4,7,4
948,59,431,4,19,4
949,32,-1226,3,7,5
950,20,47241,5,6,9
951,33,6892,2,17,10
952,NA,12092,3,18,10
953,37,-111,2,15,2
954,38,1373,2,12,1
955,39,25681,4,21,7
956,16,-83,2,3,1
957,38,5302,2,18,10
958,39,10654,3,22,4
959,18,-1476,1,10,3
960,46,34386,3,14,5
961,44,-16427,1,14,3
962,NA,35169,5,18,3
963,37,-274,4,4,6
964,36,25357,4,16,4
965,36,-24988,4,-2,9
966,36,19341,2,25,3
967,13,18146,3,6,4
968,15,-14068,4,8,10
969,34,-6525,3,12,2
970,28,7903,3,1,3
971,36,22158,1,8,6
972,10,-6490,4,10,5
973,17,1638,1,8,1
974,NA,28570,5,24,5
975,47,-11910,4,-3,2
976,22,19217,5,9,9
977,25,11732,3,18,9
978,36,-11587,5,4,4
979,31,-5018,3,9,7
980,37,16749,3,24,2
981,63,8734,1,-3,1
982,22,26376,3,4,9
983,31,-4027,4,2,8
984,29,-20717,2,14,9
985,53,20717,3,4,1
986,26,-4129,4,13,1
987,NA,6805,5,5,4
988,44,30786,4,9,NA
989,22,1244,3,16,7
990,55,28243,4,11,5
991,43,-11457,5,-4,NA
992,22,18883,3,6,5
993,40,8702,1,15,9
994,32,-6052,2,23,4
995,NA,-14200,4,2,9
996,34,6150,3,8,3
997,48,8827,1,9,3
998,19,9162,3,5,9
999,29,13053,2,0,9
1000,32,-1907,3,23,4
